Sample;Group;Age;sp|Q08380|LG3BP;sp|P01023|A2MG;sp|P02753|RET4;sp|P01034|CYTC;sp|P01031|CO5;sp|P10909|CLUS;sp|P04114|APOB;sp|P61769|B2MG;sp|P02765|FETUA;sp|P02679|FIBG;sp|P02675|FIBB;sp|Q9UJJ9|GNPTG;sp|P02751|FINC;sp|Q9H299|SH3L3;sp|Q15582|BGH3;sp|P08779|K1C16;sp|P02768|ALBU;sp|P17936|IBP3;sp|P35527|K1C9;sp|P18065|IBP2;sp|P62979|RS27A;sp|P13647|K2C5
HUMS 1;EXI;44;2,71E+08;7,23E+09;5,02E+08;3,05E+07;9,30E+08;2,05E+09;5,58E+08;1,29E+07;1,94E+09;4,47E+07;2,42E+07;2,91E+07;5,08E+08;1,11E+07;1,11E+08;4,31E+07;9,87E+10;6,05E+07;1,40E+08;1,83E+07;2,24E+07;2,13E+07
HUMS 10;EXI;76;4,06E+08;1,45E+10;1,24E+09;1,32E+08;5,53E+08;3,44E+09;5,93E+08;1,19E+08;1,97E+09;1,18E+08;6,34E+07;1,17E+07;4,39E+08;2,26E+06;5,04E+07;6,41E+07;1,32E+11;3,32E+07;5,23E+08;4,81E+07;2,37E+07;4,24E+07
HUMS 11;EXI;82;2,26E+08;9,46E+09;6,99E+08;8,26E+07;3,96E+08;2,09E+09;5,89E+08;7,38E+07;2,58E+09;1,76E+07;9,86E+06;1,25E+07;3,74E+08;5,86E+06;8,42E+07;5,10E+07;1,77E+11;7,39E+07;4,34E+08;9,14E+06;2,38E+07;3,49E+07
HUMS 12;EXI;83;9,06E+07;8,88E+09;6,62E+08;5,45E+07;3,53E+08;1,50E+09;5,80E+08;4,29E+07;1,30E+09;1,52E+07;6,20E+06;3,94E+06;3,63E+08;3,57E+06;2,19E+07;2,56E+07;8,97E+10;2,26E+07;3,21E+08;1,61E+07;2,69E+07;1,05E+07
HUMS 13;EXI;83;1,40E+08;6,00E+09;3,28E+08;3,72E+07;4,70E+08;1,86E+09;4,75E+08;3,41E+07;1,06E+09;2,31E+07;1,16E+07;3,92E+06;1,77E+08;5,08E+06;3,62E+07;3,16E+07;8,82E+10;2,26E+07;3,00E+08;3,06E+07;1,41E+07;1,27E+07
HUMS 14;EXI;83;1,90E+08;7,21E+09;3,33E+08;2,57E+07;3,30E+08;9,74E+08;6,08E+07;7,07E+07;1,07E+09;5,49E+07;1,67E+07;1,01E+06;6,59E+07;1,91E+06;3,67E+07;6,40E+06;6,39E+10;7,07E+06;9,44E+07;4,06E+07;1,41E+07;1,35E+07
HUMS 15;EXI;84;8,25E+07;6,63E+09;5,65E+08;2,46E+07;3,82E+08;1,38E+09;5,06E+08;2,03E+07;1,16E+09;8,64E+06;2,98E+06;2,11E+06;2,39E+08;1,55E+06;2,72E+07;7,38E+06;1,02E+11;2,66E+07;5,26E+07;1,29E+07;3,59E+07;4,70E+06
HUMS 16;EXI;86;1,83E+08;1,52E+10;2,23E+08;3,49E+07;4,87E+08;2,06E+09;6,09E+08;2,65E+07;1,54E+09;1,44E+07;6,75E+06;3,18E+06;1,39E+08;8,21E+06;2,70E+07;1,17E+07;1,55E+11;3,04E+07;1,05E+08;1,09E+07;1,36E+08;9,12E+06
HUMS 17;EXI;87;1,10E+08;1,30E+10;4,52E+08;2,99E+07;4,03E+08;1,91E+09;4,88E+08;1,71E+07;1,67E+09;6,12E+07;2,79E+07;1,43E+06;2,63E+08;2,53E+06;4,14E+07;1,09E+07;1,21E+11;2,00E+07;1,14E+08;1,47E+07;8,26E+06;8,53E+06
HUMS 18;EXI;88;3,31E+08;1,39E+10;4,17E+08;4,22E+07;4,13E+08;1,90E+09;4,74E+08;4,13E+07;1,11E+09;2,89E+07;1,59E+07;2,97E+06;1,86E+08;3,85E+06;2,76E+07;1,31E+07;1,21E+11;9,94E+06;1,58E+08;1,53E+07;1,68E+07;1,13E+07
HUMS 19;EXI;89;1,17E+08;1,41E+10;2,83E+08;3,86E+07;5,74E+08;1,25E+09;2,34E+08;2,40E+07;1,58E+09;2,97E+07;1,38E+07;2,61E+06;2,04E+08;1,20E+06;3,09E+07;8,96E+06;1,25E+11;1,92E+07;6,93E+07;1,18E+07;6,81E+06;7,13E+06
HUMS 2;EXI;56;1,77E+08;6,77E+09;6,91E+08;2,59E+07;4,92E+08;2,45E+09;8,43E+08;2,56E+07;1,86E+09;1,33E+07;5,06E+06;2,90E+06;3,28E+08;2,16E+06;5,16E+07;2,09E+07;1,46E+11;2,72E+07;1,24E+08;9,22E+06;1,52E+07;1,92E+07
HUMS 20;EXI;89;4,88E+07;5,54E+09;2,69E+08;1,52E+07;2,68E+08;7,40E+08;3,19E+08;1,61E+07;6,28E+08;1,62E+07;1,51E+07;1,16E+06;3,10E+08;5,28E+06;1,67E+07;9,70E+06;5,42E+10;1,24E+07;2,23E+08;7,68E+06;6,80E+06;1,02E+07
HUMS 3;EXI;63;2,94E+08;1,15E+10;3,26E+08;7,27E+07;6,00E+08;2,11E+09;4,80E+08;4,53E+07;1,26E+09;3,36E+08;1,35E+08;2,38E+07;2,13E+08;1,01E+07;1,27E+08;2,44E+07;9,70E+10;3,26E+07;1,52E+08;8,14E+07;2,78E+07;1,28E+07
HUMS 4;EXI;69;2,63E+08;1,33E+10;1,53E+08;2,65E+07;4,52E+08;1,16E+09;3,37E+08;2,47E+07;1,53E+09;3,50E+07;1,29E+07;4,02E+06;1,78E+08;1,81E+06;4,89E+07;1,36E+07;1,25E+11;6,51E+06;1,41E+08;1,42E+07;1,81E+07;1,05E+07
HUMS 5;EXI;69;2,13E+08;6,48E+09;5,92E+08;4,34E+07;5,33E+08;1,59E+09;4,73E+08;5,63E+07;2,09E+09;3,63E+07;1,49E+07;1,81E+07;6,49E+08;6,79E+06;6,55E+07;2,55E+07;9,46E+10;3,05E+07;1,50E+08;2,03E+07;2,11E+07;1,79E+07
HUMS 6;EXI;70;2,11E+08;2,01E+10;2,85E+08;2,82E+07;6,96E+08;1,80E+09;5,38E+08;2,15E+07;1,84E+09;1,62E+09;8,16E+08;4,39E+06;1,03E+09;2,60E+06;5,08E+07;1,51E+07;1,16E+11;7,45E+06;1,12E+08;3,58E+08;1,46E+07;1,35E+07
HUMS 7;EXI;71;2,38E+08;1,64E+10;4,47E+08;6,52E+07;6,07E+08;2,29E+09;5,11E+08;4,55E+07;1,88E+09;7,63E+07;2,81E+07;1,58E+07;3,47E+08;1,16E+07;1,07E+08;1,65E+07;9,46E+10;3,01E+07;6,42E+07;2,73E+07;2,33E+07;9,13E+06
HUMS 8;EXI;75;1,22E+09;1,11E+10;1,15E+09;1,66E+08;7,23E+08;2,75E+09;5,61E+08;1,45E+08;2,22E+09;2,78E+07;9,15E+06;5,35E+06;6,08E+08;3,78E+06;4,30E+07;1,29E+07;1,40E+11;6,11E+07;1,18E+08;1,77E+07;3,28E+07;9,58E+06
HUMS 9;EXI;75;1,18E+08;4,66E+09;1,50E+08;2,06E+07;3,00E+08;1,26E+09;2,09E+08;1,04E+07;1,18E+09;2,52E+07;1,52E+07;1,23E+07;2,01E+08;2,52E+06;6,45E+07;5,75E+07;8,84E+10;1,82E+07;1,06E+08;1,08E+07;1,32E+07;1,82E+07
HUMS 31;HOSP;31;9,88E+07;5,06E+09;3,15E+08;1,35E+07;7,03E+08;1,70E+09;4,49E+08;1,11E+07;2,93E+09;2,36E+07;9,89E+06;3,83E+06;6,09E+08;6,85E+05;5,71E+07;5,23E+07;1,27E+11;4,63E+07;2,32E+08;5,66E+06;1,03E+07;2,19E+07
HUMS 32;HOSP;32;1,95E+08;7,32E+09;3,75E+08;2,65E+07;4,27E+08;1,71E+09;4,71E+08;3,01E+07;2,16E+09;2,96E+07;1,09E+07;2,68E+06;4,02E+08;1,65E+06;4,64E+07;3,37E+07;1,40E+11;5,27E+07;2,44E+08;9,70E+06;1,01E+07;2,26E+07
HUMS 33;HOSP;35;3,79E+08;4,32E+09;5,15E+08;1,67E+07;5,73E+08;1,94E+09;4,09E+08;1,46E+07;2,06E+09;1,56E+07;6,03E+06;3,03E+06;5,02E+08;2,49E+06;3,85E+07;2,61E+07;1,49E+11;5,73E+07;2,17E+08;3,85E+06;9,71E+06;1,55E+07
HUMS 34;HOSP;36;9,44E+07;5,45E+09;1,03E+09;1,30E+07;6,85E+08;2,21E+09;6,39E+08;5,18E+06;2,12E+09;9,54E+06;4,65E+06;1,54E+06;9,17E+08;1,13E+06;2,70E+07;2,58E+07;1,44E+11;5,72E+07;2,30E+08;1,86E+06;1,13E+07;2,03E+07
HUMS 35;HOSP;39;1,21E+08;7,25E+09;6,68E+08;1,51E+07;6,28E+08;2,39E+09;5,11E+08;1,21E+07;2,11E+09;1,39E+07;6,99E+06;2,92E+06;4,28E+08;6,63E+06;5,11E+07;2,58E+07;1,30E+11;3,96E+07;1,95E+08;6,58E+06;1,73E+07;1,50E+07
HUMS 36;HOSP;39;1,62E+08;8,28E+09;7,18E+08;2,23E+07;4,28E+08;2,48E+09;6,20E+08;1,40E+07;2,95E+09;1,11E+07;4,48E+06;3,78E+06;6,92E+08;8,24E+05;3,38E+07;4,93E+07;1,63E+11;7,65E+07;3,82E+08;6,01E+06;1,29E+07;2,83E+07
HUMS 37;HOSP;40;1,38E+08;5,42E+09;5,34E+08;2,80E+07;4,17E+08;2,07E+09;5,93E+08;1,62E+07;1,06E+09;8,27E+06;3,87E+06;3,41E+06;2,18E+08;3,30E+06;5,64E+07;1,78E+07;1,10E+11;2,85E+07;7,13E+07;5,67E+06;1,33E+07;8,01E+06
HUMS 38;HOSP;42;1,24E+08;7,48E+09;4,56E+08;1,54E+07;6,88E+08;2,48E+09;6,06E+08;9,20E+06;1,47E+09;3,98E+07;1,63E+07;2,72E+06;5,95E+08;5,68E+05;3,68E+07;1,99E+07;1,19E+11;3,86E+07;1,79E+08;9,82E+06;2,45E+07;1,22E+07
HUMS 39;HOSP;43;2,86E+08;5,76E+09;3,60E+08;1,92E+07;4,09E+08;2,78E+09;5,58E+08;1,39E+07;1,43E+09;2,72E+07;9,58E+06;4,12E+06;3,72E+08;4,47E+05;5,59E+07;4,72E+07;1,13E+11;2,84E+07;3,60E+08;6,89E+06;1,90E+07;2,61E+07
HUMS 40;HOSP;43;2,97E+08;1,10E+10;6,36E+08;2,74E+07;6,66E+08;3,82E+09;6,69E+08;1,18E+07;3,60E+09;2,58E+07;1,15E+07;3,66E+06;5,40E+08;5,84E+05;5,66E+07;4,28E+07;2,20E+11;7,98E+07;2,31E+08;7,36E+06;2,30E+07;2,16E+07
HUMS 41;HOSP;61;4,00E+08;9,56E+09;5,04E+08;3,52E+07;6,86E+08;3,80E+09;1,05E+09;3,61E+07;1,85E+09;1,04E+07;5,55E+06;8,72E+06;4,10E+08;1,74E+07;5,65E+07;3,50E+07;1,33E+11;2,49E+07;2,80E+08;7,83E+06;1,73E+08;1,91E+07
HUMS 42;HOSP;62;2,16E+08;1,16E+10;1,63E+09;5,53E+07;7,70E+08;3,52E+09;1,15E+09;2,35E+07;2,71E+09;1,46E+07;8,16E+06;5,36E+06;9,58E+08;6,01E+06;4,18E+07;5,47E+07;1,67E+11;9,14E+07;4,36E+08;9,94E+06;1,85E+07;3,31E+07
HUMS 43;HOSP;62;3,57E+08;4,53E+09;2,27E+08;2,19E+07;4,25E+08;1,73E+09;4,26E+08;1,76E+07;1,23E+09;1,74E+07;6,94E+06;3,47E+06;2,20E+08;5,03E+06;4,25E+07;5,25E+07;9,01E+10;2,36E+07;3,31E+08;1,03E+07;1,34E+07;3,26E+07
HUMS 44;HOSP;63;1,03E+08;7,62E+09;3,81E+08;2,50E+07;6,08E+08;1,75E+09;5,01E+08;1,28E+07;1,96E+09;1,12E+07;5,66E+06;3,74E+06;3,29E+08;2,06E+06;4,49E+07;1,28E+07;1,42E+11;4,44E+07;1,36E+08;7,01E+06;3,10E+07;1,03E+07
HUMS 45;HOSP;63;2,66E+08;7,19E+09;5,93E+08;2,54E+07;6,98E+08;2,66E+09;4,77E+08;1,36E+07;2,62E+09;3,28E+07;2,68E+07;9,97E+06;5,78E+08;3,27E+06;8,43E+07;3,09E+07;1,45E+11;5,26E+07;2,81E+08;1,36E+07;2,00E+07;1,85E+07
HUMS 46;HOSP;64;1,23E+08;3,94E+09;2,43E+08;1,77E+07;1,23E+08;1,61E+09;2,62E+08;6,85E+06;1,05E+09;1,38E+07;6,23E+06;2,16E+06;1,76E+08;5,56E+06;3,32E+07;2,30E+07;8,34E+10;1,01E+07;2,54E+08;9,50E+06;9,91E+06;1,05E+07
HUMS 47;HOSP;64;1,44E+08;3,93E+09;1,57E+08;1,58E+07;3,21E+08;1,79E+09;3,82E+08;8,21E+06;1,64E+09;7,40E+06;2,72E+06;4,12E+06;2,98E+08;2,36E+06;3,00E+07;2,14E+07;1,45E+11;2,01E+07;2,28E+08;2,27E+06;1,26E+07;1,27E+07
HUMS 48;HOSP;64;1,47E+08;1,14E+10;4,74E+08;2,23E+07;6,55E+08;2,08E+09;3,57E+08;2,11E+07;2,03E+09;1,64E+07;6,26E+06;3,09E+06;3,63E+08;1,64E+06;3,99E+07;2,27E+07;1,41E+11;3,92E+07;1,15E+08;9,56E+06;2,18E+07;1,67E+07
HUMS 49;HOSP;66;2,18E+08;7,74E+09;3,54E+08;2,69E+07;5,89E+08;1,12E+09;2,62E+08;1,68E+07;1,28E+09;5,49E+07;2,21E+07;2,37E+06;3,16E+08;1,20E+06;2,88E+07;1,21E+07;1,00E+11;1,55E+07;1,74E+08;1,22E+07;1,03E+07;1,08E+07
HUMS 50;HOSP;66;1,41E+08;7,47E+09;3,78E+08;1,08E+07;4,95E+08;1,47E+09;4,96E+08;5,16E+06;1,75E+09;9,89E+06;4,47E+06;1,80E+06;3,19E+08;7,73E+05;2,68E+07;5,99E+07;1,17E+11;2,59E+07;2,65E+08;6,40E+06;9,53E+06;3,10E+07
HUMS 51;HOSP;81;1,77E+08;1,35E+10;3,82E+08;2,59E+07;5,53E+08;2,35E+09;4,56E+08;1,59E+07;2,80E+09;5,45E+07;2,78E+07;2,76E+06;4,08E+08;1,18E+06;4,60E+07;1,90E+07;1,71E+11;2,40E+07;1,29E+08;2,03E+07;1,14E+07;1,56E+07
HUMS 52;HOSP;81;1,98E+08;9,37E+09;6,04E+08;2,94E+07;5,38E+08;1,79E+09;5,57E+08;1,52E+07;2,09E+09;1,54E+07;8,47E+06;2,71E+06;3,64E+08;8,57E+05;4,14E+07;8,70E+06;1,31E+11;2,09E+07;6,53E+07;1,06E+07;8,74E+06;5,91E+06
HUMS 53;HOSP;83;1,15E+08;9,61E+09;3,83E+08;2,22E+07;4,68E+08;1,57E+09;4,61E+08;1,35E+07;1,22E+09;5,97E+06;3,85E+06;6,42E+06;3,83E+08;4,45E+06;5,05E+07;1,77E+07;1,20E+11;1,98E+07;9,57E+07;8,45E+06;1,62E+07;8,29E+06
HUMS 54;HOSP;83;1,87E+08;1,04E+10;2,49E+08;2,63E+07;3,81E+08;1,82E+09;4,81E+08;1,57E+07;2,22E+09;2,12E+07;9,95E+06;1,99E+06;2,35E+08;5,33E+05;3,96E+07;1,17E+07;1,37E+11;1,46E+07;1,43E+08;1,95E+07;9,42E+06;8,70E+06
HUMS 55;HOSP;83;3,14E+08;1,47E+10;4,55E+08;2,73E+07;6,19E+08;2,09E+09;5,06E+08;3,25E+07;2,66E+09;2,29E+07;8,37E+06;4,11E+06;4,44E+08;2,34E+06;4,33E+07;9,92E+06;1,13E+11;2,75E+07;1,16E+08;1,31E+07;3,71E+07;7,45E+06
HUMS 56;HOSP;85;1,85E+08;7,66E+09;5,60E+08;1,77E+07;5,18E+08;1,66E+09;4,11E+08;1,62E+07;7,35E+08;1,72E+08;9,04E+07;9,10E+05;1,79E+08;6,93E+05;1,86E+07;5,56E+06;5,34E+10;1,60E+07;4,08E+07;2,48E+07;5,03E+06;4,00E+06
HUMS 57;HOSP;85;9,24E+07;9,86E+09;1,88E+08;2,46E+07;3,81E+08;1,12E+09;4,09E+08;1,72E+07;1,07E+09;1,13E+07;6,71E+06;5,59E+06;1,48E+08;1,32E+07;4,13E+07;2,85E+07;1,02E+11;1,27E+07;1,28E+08;1,73E+07;1,09E+08;1,78E+07
HUMS 58;HOSP;85;1,26E+08;1,17E+10;3,84E+08;6,06E+07;5,93E+08;1,27E+09;2,81E+08;5,74E+07;2,07E+09;1,80E+07;4,75E+06;2,20E+06;3,07E+08;5,32E+06;2,67E+07;2,32E+07;1,54E+11;2,34E+07;4,00E+08;8,44E+06;5,14E+07;4,37E+07
HUMS 59;HOSP;85;4,92E+07;9,95E+09;1,35E+09;6,68E+07;4,17E+08;1,89E+09;6,24E+08;1,54E+07;1,50E+09;1,60E+07;8,95E+06;2,85E+06;4,99E+08;1,51E+06;2,24E+07;1,97E+07;1,24E+11;1,71E+07;1,59E+08;1,54E+07;8,17E+06;1,14E+07
HUMS 60;HOSP;86;6,71E+07;6,21E+09;4,31E+08;1,94E+07;4,41E+08;1,03E+09;3,16E+08;1,55E+07;1,41E+09;2,87E+07;1,13E+07;1,12E+06;4,97E+08;6,25E+05;2,36E+07;2,42E+06;9,62E+10;2,23E+07;4,65E+07;9,77E+06;4,55E+06;3,43E+06
HUMS 61;NHOSP;37;2,30E+08;5,82E+09;6,72E+08;1,47E+07;7,13E+08;2,38E+09;4,60E+08;1,43E+07;3,25E+09;1,81E+07;7,58E+06;3,76E+06;5,07E+08;9,86E+05;3,93E+07;2,50E+07;1,32E+11;7,72E+07;1,84E+08;7,94E+06;1,00E+07;1,48E+07
HUMS 62;NHOSP;41;1,94E+08;7,79E+09;6,32E+08;1,17E+07;6,28E+08;2,46E+09;3,65E+08;1,68E+07;3,86E+09;1,01E+07;5,20E+06;3,08E+06;2,43E+08;7,08E+05;5,46E+07;3,27E+07;1,26E+11;5,70E+07;2,38E+08;3,72E+06;1,08E+07;2,29E+07
HUMS 63;NHOSP;42;8,18E+07;7,07E+09;4,50E+08;1,41E+07;4,17E+08;1,80E+09;2,64E+08;1,31E+07;2,44E+09;1,68E+06;7,70E+05;2,35E+06;2,27E+08;9,58E+06;3,66E+07;2,26E+07;1,46E+11;4,90E+07;2,36E+08;1,97E+06;1,18E+08;3,06E+07
HUMS 64;NHOSP;46;4,87E+07;6,52E+09;1,01E+09;1,59E+07;4,41E+08;2,21E+09;8,81E+08;7,84E+06;1,80E+09;3,41E+06;1,44E+06;2,15E+06;5,33E+08;8,57E+05;4,21E+07;6,70E+07;1,59E+11;6,67E+07;5,37E+08;2,77E+06;1,03E+07;4,03E+07
HUMS 65;NHOSP;46;7,88E+07;7,24E+09;1,06E+09;1,36E+07;4,28E+08;2,87E+09;4,90E+08;1,47E+07;3,99E+09;1,02E+07;5,13E+06;3,73E+06;3,91E+08;5,86E+05;4,29E+07;2,04E+07;1,35E+11;6,36E+07;2,45E+08;3,22E+06;8,60E+06;1,55E+07
HUMS 66;NHOSP;49;1,07E+08;5,78E+09;6,46E+08;2,04E+07;6,04E+08;2,36E+09;4,34E+08;1,21E+07;1,84E+09;1,58E+07;5,95E+06;3,14E+06;6,32E+08;3,33E+05;3,90E+07;3,14E+07;1,76E+11;7,71E+07;1,62E+08;4,26E+06;1,54E+07;1,48E+07
HUMS 67;NHOSP;53;9,81E+07;5,88E+09;6,49E+08;3,28E+07;4,12E+08;1,80E+09;4,50E+08;2,11E+07;2,13E+09;2,09E+07;7,14E+06;2,96E+06;3,23E+08;2,94E+06;4,24E+07;7,11E+06;1,30E+11;3,11E+07;2,37E+07;4,90E+06;1,41E+07;3,22E+06
HUMS 68;NHOSP;58;1,29E+08;8,06E+09;7,88E+08;1,77E+07;4,07E+08;2,36E+09;4,54E+08;1,36E+07;1,63E+09;1,48E+07;6,83E+06;1,82E+06;5,12E+08;1,03E+06;2,86E+07;3,22E+07;1,41E+11;4,04E+07;1,02E+08;4,47E+06;9,16E+06;1,11E+07
HUMS 69;NHOSP;63;2,41E+08;4,76E+09;6,38E+08;1,95E+07;3,86E+08;2,48E+09;7,04E+08;8,37E+06;2,26E+09;3,88E+06;1,61E+06;3,29E+06;5,26E+08;3,71E+05;3,38E+07;2,56E+07;1,44E+11;4,99E+07;1,71E+08;1,30E+06;9,76E+06;1,05E+07
HUMS 70;NHOSP;63;1,39E+08;9,25E+09;1,57E+09;4,18E+07;7,85E+08;3,57E+09;9,92E+08;3,63E+07;5,44E+09;1,78E+07;9,50E+06;6,89E+06;6,74E+08;1,49E+06;4,29E+07;3,93E+07;2,84E+11;1,36E+08;2,80E+08;8,74E+06;2,07E+07;1,94E+07
HUMS 71;NHOSP;64;1,15E+08;1,46E+10;1,28E+09;4,46E+07;5,41E+08;3,95E+09;6,35E+08;3,25E+07;3,63E+09;3,26E+07;1,98E+07;6,45E+06;5,68E+08;5,94E+06;5,47E+07;1,16E+08;2,23E+11;1,21E+08;9,15E+08;1,31E+07;2,89E+07;5,39E+07
HUMS 72;NHOSP;68;1,84E+08;1,17E+10;6,46E+08;2,00E+07;6,33E+08;2,94E+09;5,42E+08;1,32E+07;2,28E+09;1,46E+07;5,31E+06;3,99E+06;3,48E+08;2,91E+06;4,22E+07;6,62E+07;1,61E+11;7,17E+07;5,36E+08;9,16E+06;1,64E+07;3,59E+07
HUMS 73;NHOSP;68;7,08E+07;3,39E+09;4,45E+08;1,19E+07;2,43E+08;1,08E+09;3,06E+08;1,02E+07;1,53E+09;3,22E+06;1,52E+06;1,94E+06;2,81E+08;8,82E+05;1,66E+07;1,34E+07;9,44E+10;2,50E+07;1,29E+08;2,64E+06;1,11E+07;7,99E+06
HUMS 74;NHOSP;70;1,19E+08;2,52E+09;3,40E+08;1,46E+07;4,89E+08;1,05E+09;2,07E+08;1,23E+07;9,03E+08;3,26E+06;7,36E+05;1,84E+06;2,40E+08;1,08E+07;1,79E+07;1,75E+07;8,96E+10;2,06E+07;2,03E+08;1,83E+06;1,34E+08;1,10E+07
HUMS 75;NHOSP;76;9,24E+07;1,02E+10;2,36E+08;2,30E+07;4,62E+08;1,41E+09;4,66E+08;1,16E+07;1,76E+09;2,63E+07;1,37E+07;1,88E+06;2,84E+08;1,38E+06;2,82E+07;2,15E+07;1,55E+11;2,71E+07;1,70E+08;7,68E+06;1,03E+07;1,65E+07
HUMS 76;NHOSP;75;2,82E+08;2,32E+10;7,95E+08;2,01E+07;9,58E+08;1,99E+09;3,46E+08;1,33E+07;2,59E+09;2,15E+07;8,03E+06;2,80E+06;4,66E+08;1,11E+06;2,55E+07;1,80E+07;1,01E+11;1,12E+07;2,37E+08;1,11E+07;1,57E+07;2,14E+07
HUMS 21;UCI;42;3,07E+08;6,28E+09;1,15E+09;1,77E+07;1,01E+09;3,35E+09;9,34E+08;1,61E+07;1,27E+09;6,29E+08;2,99E+08;6,80E+06;1,08E+09;3,01E+06;1,05E+08;1,70E+07;1,03E+11;5,99E+07;1,20E+08;1,23E+08;1,32E+07;1,25E+07
HUMS 22;UCI;44;1,23E+08;7,02E+09;3,14E+08;1,91E+07;7,64E+08;1,59E+09;4,36E+08;1,47E+07;1,27E+09;2,63E+07;1,21E+07;2,63E+06;3,14E+08;2,51E+06;4,73E+07;2,80E+07;1,18E+11;1,90E+07;9,73E+07;9,73E+06;1,19E+07;1,07E+07
HUMS 23;UCI;48;1,61E+08;5,71E+09;3,37E+08;2,47E+07;5,20E+08;2,09E+09;3,92E+08;2,46E+07;2,06E+09;3,74E+07;1,44E+07;5,81E+06;3,52E+08;5,64E+06;4,79E+07;2,32E+07;1,51E+11;4,45E+07;7,05E+07;1,42E+07;1,29E+07;1,08E+07
HUMS 24;UCI;52;2,82E+08;2,04E+10;1,74E+09;1,30E+08;7,96E+08;2,77E+09;8,01E+08;1,69E+08;1,60E+09;5,52E+07;2,28E+07;4,96E+06;3,94E+08;4,12E+06;4,28E+07;1,61E+07;1,02E+11;2,70E+07;1,25E+08;3,18E+07;1,91E+07;1,24E+07
HUMS 25;UCI;54;1,75E+08;3,90E+09;2,76E+08;1,83E+07;5,77E+08;1,81E+09;3,55E+08;2,33E+07;1,41E+09;1,43E+07;6,31E+06;4,46E+06;2,24E+08;3,38E+06;4,96E+07;1,53E+07;1,06E+11;3,47E+07;1,02E+08;5,71E+06;2,03E+07;8,24E+06
HUMS 26;UCI;57;2,01E+08;7,87E+09;3,75E+08;2,89E+07;7,11E+08;2,39E+09;7,99E+08;1,21E+07;1,28E+09;1,01E+08;4,41E+07;3,35E+06;5,23E+08;1,36E+06;3,04E+07;1,43E+07;1,13E+11;2,37E+07;1,52E+08;2,15E+07;9,44E+06;1,09E+07
HUMS 27;UCI;62;2,36E+08;6,06E+09;3,95E+08;2,05E+07;3,01E+08;1,74E+09;3,08E+08;1,65E+07;1,38E+09;8,76E+06;2,69E+06;3,43E+06;2,45E+08;5,47E+06;3,88E+07;3,69E+07;1,19E+11;3,00E+07;1,78E+08;4,66E+06;4,61E+07;2,51E+07
HUMS 28;UCI;66;2,17E+08;1,12E+10;4,07E+08;2,37E+07;7,75E+08;2,36E+09;8,51E+08;1,43E+07;1,14E+09;3,59E+07;1,08E+07;2,56E+06;4,37E+08;1,86E+06;4,88E+07;1,28E+07;1,21E+11;2,83E+07;7,44E+07;9,66E+06;1,36E+07;6,62E+06
HUMS 29;UCI;67;3,92E+08;5,48E+09;6,01E+08;2,54E+07;5,93E+08;2,26E+09;3,38E+08;1,05E+07;1,26E+09;2,06E+07;7,33E+06;4,14E+06;4,67E+08;5,89E+05;5,89E+07;3,45E+07;1,13E+11;3,19E+07;3,04E+08;1,03E+07;1,25E+07;1,60E+07
HUMS 30;UCI;71;3,78E+08;8,30E+09;3,41E+08;4,57E+07;6,48E+08;2,33E+09;6,38E+08;2,40E+07;1,14E+09;7,95E+07;4,16E+07;5,29E+06;4,13E+08;6,54E+06;7,46E+07;4,38E+07;1,42E+11;3,77E+07;3,18E+08;2,42E+07;6,45E+07;1,86E+07
